

Microchip MPLAB XC8 Assembler V3.00 build 20241204225717 
                                                                                               Fri Apr 18 10:47:20 2025

Microchip MPLAB XC8 C Compiler v3.00 (Free license) build 20241204225717 Og1 
     1                           	processor	18F4580
     2                           	fnconf	rparam,??,?,0
     3                           	pagewidth 120
     4                           	opt	flic
     5                           	psect	idataCOMRAM,global,class=CODE,space=0,delta=1,noexec
     6                           	psect	cinit,global,reloc=2,class=CODE,space=0,delta=1
     7                           	psect	dataCOMRAM,global,class=COMRAM,space=1,delta=1,lowdata,noexec
     8                           	psect	cstackCOMRAM,global,class=COMRAM,space=1,delta=1,lowdata,noexec
     9                           	psect	text0,global,reloc=2,class=CODE,space=0,delta=1
    10                           	psect	text1,global,reloc=2,class=CODE,space=0,delta=1
    11                           	psect	text2,global,reloc=2,class=CODE,space=0,delta=1
    12                           	psect	smallconst,global,reloc=2,class=SMALLCONST,space=0,delta=1,noexec
    13                           	psect	intsave_regs,global,class=BIGRAM,space=1,delta=1,noexec
    14                           	psect	rparam,global,class=COMRAM,space=1,delta=1,noexec
    15                           	psect	idloc,global,abs,ovrld,class=IDLOC,space=5,delta=1,noexec
    16                           	psect	config,global,abs,ovrld,class=CONFIG,space=4,delta=1,noexec
    17   000000                     
    18                           ; Version 2.20
    19                           ; Generated 12/02/2020 GMT
    20                           ; 
    21                           ; Copyright © 2020, Microchip Technology Inc. and its subsidiaries ("Microchip")
    22                           ; All rights reserved.
    23                           ; 
    24                           ; This software is developed by Microchip Technology Inc. and its subsidiaries ("Microch
      +                          ip").
    25                           ; 
    26                           ; Redistribution and use in source and binary forms, with or without modification, are
    27                           ; permitted provided that the following conditions are met:
    28                           ; 
    29                           ;     1. Redistributions of source code must retain the above copyright notice, this lis
      +                          t of
    30                           ;        conditions and the following disclaimer.
    31                           ; 
    32                           ;     2. Redistributions in binary form must reproduce the above copyright notice, this 
      +                          list
    33                           ;        of conditions and the following disclaimer in the documentation and/or other
    34                           ;        materials provided with the distribution.
    35                           ; 
    36                           ;     3. Microchip's name may not be used to endorse or promote products derived from th
      +                          is
    37                           ;        software without specific prior written permission.
    38                           ; 
    39                           ; THIS SOFTWARE IS PROVIDED BY MICROCHIP "AS IS" AND ANY EXPRESS OR IMPLIED WARRANTIES,
    40                           ; INCLUDING, BUT NOT LIMITED TO, THE IMPLIED WARRANTIES OF MERCHANTABILITY AND FITNESS F
      +                          OR
    41                           ; PURPOSE ARE DISCLAIMED.  IN NO EVENT SHALL MICROCHIP BE LIABLE FOR ANY DIRECT, INDIREC
      +                          T,
    42                           ; INCIDENTAL, SPECIAL, EXEMPLARY, OR CONSEQUENTIAL DAMAGES (INCLUDING BUT NOT LIMITED TO
    43                           ; PROCUREMENT OF SUBSTITUTE GOODS OR SERVICES; LOSS OF USE, DATA OR PROFITS; OR BUSINESS
    44                           ; INTERRUPTION) HOWSOEVER CAUSED AND ON ANY THEORY OF LIABILITY, WHETHER IN CONTRACT, ST
      +                          RICT
    45                           ; LIABILITY, OR TORT (INCLUDING NEGLIGENCE OR OTHERWISE) ARISING IN ANY WAY OUT OF THE U
      +                          SE OF
    46                           ; THIS SOFTWARE, EVEN IF ADVISED OF THE POSSIBILITY OF SUCH DAMAGE.
    47                           ; 
    48                           ; 
    49                           ; Code-generator required, PIC18F4580 Definitions
    50                           ; 
    51                           ; SFR Addresses
    52   000FE0                     bsr             equ	4064
    53   000FE9                     fsr0            equ	4073
    54   000FEA                     fsr0h           equ	4074
    55   000FE9                     fsr0l           equ	4073
    56   000FE1                     fsr1            equ	4065
    57   000FE2                     fsr1h           equ	4066
    58   000FE1                     fsr1l           equ	4065
    59   000FD9                     fsr2            equ	4057
    60   000FDA                     fsr2h           equ	4058
    61   000FD9                     fsr2l           equ	4057
    62   000FEF                     indf0           equ	4079
    63   000FE7                     indf1           equ	4071
    64   000FDF                     indf2           equ	4063
    65   000FF2                     intcon          equ	4082
    66   000000                     nvmcon          equ	0
    67   000FF9                     pcl             equ	4089
    68   000FFA                     pclath          equ	4090
    69   000FFB                     pclatu          equ	4091
    70   000FEB                     plusw0          equ	4075
    71   000FE3                     plusw1          equ	4067
    72   000FDB                     plusw2          equ	4059
    73   000FED                     postdec0        equ	4077
    74   000FE5                     postdec1        equ	4069
    75   000FDD                     postdec2        equ	4061
    76   000FEE                     postinc0        equ	4078
    77   000FE6                     postinc1        equ	4070
    78   000FDE                     postinc2        equ	4062
    79   000FEC                     preinc0         equ	4076
    80   000FE4                     preinc1         equ	4068
    81   000FDC                     preinc2         equ	4060
    82   000FF3                     prod            equ	4083
    83   000FF4                     prodh           equ	4084
    84   000FF3                     prodl           equ	4083
    85   000FD8                     status          equ	4056
    86   000FF5                     tablat          equ	4085
    87   000FF6                     tblptr          equ	4086
    88   000FF7                     tblptrh         equ	4087
    89   000FF6                     tblptrl         equ	4086
    90   000FF8                     tblptru         equ	4088
    91   000FFD                     tosl            equ	4093
    92   000FE8                     wreg            equ	4072
    93   000D60                     RXF6SIDH        equ	3424	;# 
    94   000D61                     RXF6SIDL        equ	3425	;# 
    95   000D62                     RXF6EIDH        equ	3426	;# 
    96   000D63                     RXF6EIDL        equ	3427	;# 
    97   000D64                     RXF7SIDH        equ	3428	;# 
    98   000D65                     RXF7SIDL        equ	3429	;# 
    99   000D66                     RXF7EIDH        equ	3430	;# 
   100   000D67                     RXF7EIDL        equ	3431	;# 
   101   000D68                     RXF8SIDH        equ	3432	;# 
   102   000D69                     RXF8SIDL        equ	3433	;# 
   103   000D6A                     RXF8EIDH        equ	3434	;# 
   104   000D6B                     RXF8EIDL        equ	3435	;# 
   105   000D70                     RXF9SIDH        equ	3440	;# 
   106   000D71                     RXF9SIDL        equ	3441	;# 
   107   000D72                     RXF9EIDH        equ	3442	;# 
   108   000D73                     RXF9EIDL        equ	3443	;# 
   109   000D74                     RXF10SIDH       equ	3444	;# 
   110   000D75                     RXF10SIDL       equ	3445	;# 
   111   000D76                     RXF10EIDH       equ	3446	;# 
   112   000D77                     RXF10EIDL       equ	3447	;# 
   113   000D78                     RXF11SIDH       equ	3448	;# 
   114   000D79                     RXF11SIDL       equ	3449	;# 
   115   000D7A                     RXF11EIDH       equ	3450	;# 
   116   000D7B                     RXF11EIDL       equ	3451	;# 
   117   000D80                     RXF12SIDH       equ	3456	;# 
   118   000D81                     RXF12SIDL       equ	3457	;# 
   119   000D82                     RXF12EIDH       equ	3458	;# 
   120   000D83                     RXF12EIDL       equ	3459	;# 
   121   000D84                     RXF13SIDH       equ	3460	;# 
   122   000D85                     RXF13SIDL       equ	3461	;# 
   123   000D86                     RXF13EIDH       equ	3462	;# 
   124   000D87                     RXF13EIDL       equ	3463	;# 
   125   000D88                     RXF14SIDH       equ	3464	;# 
   126   000D89                     RXF14SIDL       equ	3465	;# 
   127   000D8A                     RXF14EIDH       equ	3466	;# 
   128   000D8B                     RXF14EIDL       equ	3467	;# 
   129   000D90                     RXF15SIDH       equ	3472	;# 
   130   000D91                     RXF15SIDL       equ	3473	;# 
   131   000D92                     RXF15EIDH       equ	3474	;# 
   132   000D93                     RXF15EIDL       equ	3475	;# 
   133   000DD4                     RXFCON0         equ	3540	;# 
   134   000DD5                     RXFCON1         equ	3541	;# 
   135   000DD8                     SDFLC           equ	3544	;# 
   136   000DE0                     RXFBCON0        equ	3552	;# 
   137   000DE1                     RXFBCON1        equ	3553	;# 
   138   000DE2                     RXFBCON2        equ	3554	;# 
   139   000DE3                     RXFBCON3        equ	3555	;# 
   140   000DE4                     RXFBCON4        equ	3556	;# 
   141   000DE5                     RXFBCON5        equ	3557	;# 
   142   000DE6                     RXFBCON6        equ	3558	;# 
   143   000DE7                     RXFBCON7        equ	3559	;# 
   144   000DF0                     MSEL0           equ	3568	;# 
   145   000DF1                     MSEL1           equ	3569	;# 
   146   000DF2                     MSEL2           equ	3570	;# 
   147   000DF3                     MSEL3           equ	3571	;# 
   148   000DF8                     BSEL0           equ	3576	;# 
   149   000DFA                     BIE0            equ	3578	;# 
   150   000DFC                     TXBIE           equ	3580	;# 
   151   000E20                     B0CON           equ	3616	;# 
   152   000E21                     B0SIDH          equ	3617	;# 
   153   000E22                     B0SIDL          equ	3618	;# 
   154   000E23                     B0EIDH          equ	3619	;# 
   155   000E24                     B0EIDL          equ	3620	;# 
   156   000E25                     B0DLC           equ	3621	;# 
   157   000E26                     B0D0            equ	3622	;# 
   158   000E27                     B0D1            equ	3623	;# 
   159   000E28                     B0D2            equ	3624	;# 
   160   000E29                     B0D3            equ	3625	;# 
   161   000E2A                     B0D4            equ	3626	;# 
   162   000E2B                     B0D5            equ	3627	;# 
   163   000E2C                     B0D6            equ	3628	;# 
   164   000E2D                     B0D7            equ	3629	;# 
   165   000E2E                     CANSTAT_RO9     equ	3630	;# 
   166   000E2F                     CANCON_RO9      equ	3631	;# 
   167   000E30                     B1CON           equ	3632	;# 
   168   000E31                     B1SIDH          equ	3633	;# 
   169   000E32                     B1SIDL          equ	3634	;# 
   170   000E33                     B1EIDH          equ	3635	;# 
   171   000E34                     B1EIDL          equ	3636	;# 
   172   000E35                     B1DLC           equ	3637	;# 
   173   000E36                     B1D0            equ	3638	;# 
   174   000E37                     B1D1            equ	3639	;# 
   175   000E38                     B1D2            equ	3640	;# 
   176   000E39                     B1D3            equ	3641	;# 
   177   000E3A                     B1D4            equ	3642	;# 
   178   000E3B                     B1D5            equ	3643	;# 
   179   000E3C                     B1D6            equ	3644	;# 
   180   000E3D                     B1D7            equ	3645	;# 
   181   000E3E                     CANSTAT_RO8     equ	3646	;# 
   182   000E3F                     CANCON_RO8      equ	3647	;# 
   183   000E40                     B2CON           equ	3648	;# 
   184   000E41                     B2SIDH          equ	3649	;# 
   185   000E42                     B2SIDL          equ	3650	;# 
   186   000E43                     B2EIDH          equ	3651	;# 
   187   000E44                     B2EIDL          equ	3652	;# 
   188   000E45                     B2DLC           equ	3653	;# 
   189   000E46                     B2D0            equ	3654	;# 
   190   000E47                     B2D1            equ	3655	;# 
   191   000E48                     B2D2            equ	3656	;# 
   192   000E49                     B2D3            equ	3657	;# 
   193   000E4A                     B2D4            equ	3658	;# 
   194   000E4B                     B2D5            equ	3659	;# 
   195   000E4C                     B2D6            equ	3660	;# 
   196   000E4D                     B2D7            equ	3661	;# 
   197   000E4E                     CANSTAT_RO7     equ	3662	;# 
   198   000E4F                     CANCON_RO7      equ	3663	;# 
   199   000E50                     B3CON           equ	3664	;# 
   200   000E51                     B3SIDH          equ	3665	;# 
   201   000E52                     B3SIDL          equ	3666	;# 
   202   000E53                     B3EIDH          equ	3667	;# 
   203   000E54                     B3EIDL          equ	3668	;# 
   204   000E55                     B3DLC           equ	3669	;# 
   205   000E56                     B3D0            equ	3670	;# 
   206   000E57                     B3D1            equ	3671	;# 
   207   000E58                     B3D2            equ	3672	;# 
   208   000E59                     B3D3            equ	3673	;# 
   209   000E5A                     B3D4            equ	3674	;# 
   210   000E5B                     B3D5            equ	3675	;# 
   211   000E5C                     B3D6            equ	3676	;# 
   212   000E5D                     B3D7            equ	3677	;# 
   213   000E5E                     CANSTAT_RO6     equ	3678	;# 
   214   000E5F                     CANCON_RO6      equ	3679	;# 
   215   000E60                     B4CON           equ	3680	;# 
   216   000E61                     B4SIDH          equ	3681	;# 
   217   000E62                     B4SIDL          equ	3682	;# 
   218   000E63                     B4EIDH          equ	3683	;# 
   219   000E64                     B4EIDL          equ	3684	;# 
   220   000E65                     B4DLC           equ	3685	;# 
   221   000E66                     B4D0            equ	3686	;# 
   222   000E67                     B4D1            equ	3687	;# 
   223   000E68                     B4D2            equ	3688	;# 
   224   000E69                     B4D3            equ	3689	;# 
   225   000E6A                     B4D4            equ	3690	;# 
   226   000E6B                     B4D5            equ	3691	;# 
   227   000E6C                     B4D6            equ	3692	;# 
   228   000E6D                     B4D7            equ	3693	;# 
   229   000E6E                     CANSTAT_RO5     equ	3694	;# 
   230   000E6F                     CANCON_RO5      equ	3695	;# 
   231   000E70                     B5CON           equ	3696	;# 
   232   000E71                     B5SIDH          equ	3697	;# 
   233   000E72                     B5SIDL          equ	3698	;# 
   234   000E73                     B5EIDH          equ	3699	;# 
   235   000E74                     B5EIDL          equ	3700	;# 
   236   000E75                     B5DLC           equ	3701	;# 
   237   000E76                     B5D0            equ	3702	;# 
   238   000E77                     B5D1            equ	3703	;# 
   239   000E78                     B5D2            equ	3704	;# 
   240   000E79                     B5D3            equ	3705	;# 
   241   000E7A                     B5D4            equ	3706	;# 
   242   000E7B                     B5D5            equ	3707	;# 
   243   000E7C                     B5D6            equ	3708	;# 
   244   000E7D                     B5D7            equ	3709	;# 
   245   000E7E                     CANSTAT_RO4     equ	3710	;# 
   246   000E7F                     CANCON_RO4      equ	3711	;# 
   247   000F00                     RXF0SIDH        equ	3840	;# 
   248   000F01                     RXF0SIDL        equ	3841	;# 
   249   000F02                     RXF0EIDH        equ	3842	;# 
   250   000F03                     RXF0EIDL        equ	3843	;# 
   251   000F04                     RXF1SIDH        equ	3844	;# 
   252   000F05                     RXF1SIDL        equ	3845	;# 
   253   000F06                     RXF1EIDH        equ	3846	;# 
   254   000F07                     RXF1EIDL        equ	3847	;# 
   255   000F08                     RXF2SIDH        equ	3848	;# 
   256   000F09                     RXF2SIDL        equ	3849	;# 
   257   000F0A                     RXF2EIDH        equ	3850	;# 
   258   000F0B                     RXF2EIDL        equ	3851	;# 
   259   000F0C                     RXF3SIDH        equ	3852	;# 
   260   000F0D                     RXF3SIDL        equ	3853	;# 
   261   000F0E                     RXF3EIDH        equ	3854	;# 
   262   000F0F                     RXF3EIDL        equ	3855	;# 
   263   000F10                     RXF4SIDH        equ	3856	;# 
   264   000F11                     RXF4SIDL        equ	3857	;# 
   265   000F12                     RXF4EIDH        equ	3858	;# 
   266   000F13                     RXF4EIDL        equ	3859	;# 
   267   000F14                     RXF5SIDH        equ	3860	;# 
   268   000F15                     RXF5SIDL        equ	3861	;# 
   269   000F16                     RXF5EIDH        equ	3862	;# 
   270   000F17                     RXF5EIDL        equ	3863	;# 
   271   000F18                     RXM0SIDH        equ	3864	;# 
   272   000F19                     RXM0SIDL        equ	3865	;# 
   273   000F1A                     RXM0EIDH        equ	3866	;# 
   274   000F1B                     RXM0EIDL        equ	3867	;# 
   275   000F1C                     RXM1SIDH        equ	3868	;# 
   276   000F1D                     RXM1SIDL        equ	3869	;# 
   277   000F1E                     RXM1EIDH        equ	3870	;# 
   278   000F1F                     RXM1EIDL        equ	3871	;# 
   279   000F20                     TXB2CON         equ	3872	;# 
   280   000F21                     TXB2SIDH        equ	3873	;# 
   281   000F22                     TXB2SIDL        equ	3874	;# 
   282   000F23                     TXB2EIDH        equ	3875	;# 
   283   000F24                     TXB2EIDL        equ	3876	;# 
   284   000F25                     TXB2DLC         equ	3877	;# 
   285   000F26                     TXB2D0          equ	3878	;# 
   286   000F27                     TXB2D1          equ	3879	;# 
   287   000F28                     TXB2D2          equ	3880	;# 
   288   000F29                     TXB2D3          equ	3881	;# 
   289   000F2A                     TXB2D4          equ	3882	;# 
   290   000F2B                     TXB2D5          equ	3883	;# 
   291   000F2C                     TXB2D6          equ	3884	;# 
   292   000F2D                     TXB2D7          equ	3885	;# 
   293   000F2E                     CANSTAT_RO3     equ	3886	;# 
   294   000F2F                     CANCON_RO3      equ	3887	;# 
   295   000F30                     TXB1CON         equ	3888	;# 
   296   000F31                     TXB1SIDH        equ	3889	;# 
   297   000F32                     TXB1SIDL        equ	3890	;# 
   298   000F33                     TXB1EIDH        equ	3891	;# 
   299   000F34                     TXB1EIDL        equ	3892	;# 
   300   000F35                     TXB1DLC         equ	3893	;# 
   301   000F36                     TXB1D0          equ	3894	;# 
   302   000F37                     TXB1D1          equ	3895	;# 
   303   000F38                     TXB1D2          equ	3896	;# 
   304   000F39                     TXB1D3          equ	3897	;# 
   305   000F3A                     TXB1D4          equ	3898	;# 
   306   000F3B                     TXB1D5          equ	3899	;# 
   307   000F3C                     TXB1D6          equ	3900	;# 
   308   000F3D                     TXB1D7          equ	3901	;# 
   309   000F3E                     CANSTAT_RO2     equ	3902	;# 
   310   000F3F                     CANCON_RO2      equ	3903	;# 
   311   000F40                     TXB0CON         equ	3904	;# 
   312   000F41                     TXB0SIDH        equ	3905	;# 
   313   000F42                     TXB0SIDL        equ	3906	;# 
   314   000F43                     TXB0EIDH        equ	3907	;# 
   315   000F44                     TXB0EIDL        equ	3908	;# 
   316   000F45                     TXB0DLC         equ	3909	;# 
   317   000F46                     TXB0D0          equ	3910	;# 
   318   000F47                     TXB0D1          equ	3911	;# 
   319   000F48                     TXB0D2          equ	3912	;# 
   320   000F49                     TXB0D3          equ	3913	;# 
   321   000F4A                     TXB0D4          equ	3914	;# 
   322   000F4B                     TXB0D5          equ	3915	;# 
   323   000F4C                     TXB0D6          equ	3916	;# 
   324   000F4D                     TXB0D7          equ	3917	;# 
   325   000F4E                     CANSTAT_RO1     equ	3918	;# 
   326   000F4F                     CANCON_RO1      equ	3919	;# 
   327   000F50                     RXB1CON         equ	3920	;# 
   328   000F51                     RXB1SIDH        equ	3921	;# 
   329   000F52                     RXB1SIDL        equ	3922	;# 
   330   000F53                     RXB1EIDH        equ	3923	;# 
   331   000F54                     RXB1EIDL        equ	3924	;# 
   332   000F55                     RXB1DLC         equ	3925	;# 
   333   000F56                     RXB1D0          equ	3926	;# 
   334   000F57                     RXB1D1          equ	3927	;# 
   335   000F58                     RXB1D2          equ	3928	;# 
   336   000F59                     RXB1D3          equ	3929	;# 
   337   000F5A                     RXB1D4          equ	3930	;# 
   338   000F5B                     RXB1D5          equ	3931	;# 
   339   000F5C                     RXB1D6          equ	3932	;# 
   340   000F5D                     RXB1D7          equ	3933	;# 
   341   000F5E                     CANSTAT_RO0     equ	3934	;# 
   342   000F5F                     CANCON_RO0      equ	3935	;# 
   343   000F60                     RXB0CON         equ	3936	;# 
   344   000F61                     RXB0SIDH        equ	3937	;# 
   345   000F62                     RXB0SIDL        equ	3938	;# 
   346   000F63                     RXB0EIDH        equ	3939	;# 
   347   000F64                     RXB0EIDL        equ	3940	;# 
   348   000F65                     RXB0DLC         equ	3941	;# 
   349   000F66                     RXB0D0          equ	3942	;# 
   350   000F67                     RXB0D1          equ	3943	;# 
   351   000F68                     RXB0D2          equ	3944	;# 
   352   000F69                     RXB0D3          equ	3945	;# 
   353   000F6A                     RXB0D4          equ	3946	;# 
   354   000F6B                     RXB0D5          equ	3947	;# 
   355   000F6C                     RXB0D6          equ	3948	;# 
   356   000F6D                     RXB0D7          equ	3949	;# 
   357   000F6E                     CANSTAT         equ	3950	;# 
   358   000F6F                     CANCON          equ	3951	;# 
   359   000F70                     BRGCON1         equ	3952	;# 
   360   000F71                     BRGCON2         equ	3953	;# 
   361   000F72                     BRGCON3         equ	3954	;# 
   362   000F73                     CIOCON          equ	3955	;# 
   363   000F74                     COMSTAT         equ	3956	;# 
   364   000F75                     RXERRCNT        equ	3957	;# 
   365   000F76                     TXERRCNT        equ	3958	;# 
   366   000F77                     ECANCON         equ	3959	;# 
   367   000F80                     PORTA           equ	3968	;# 
   368   000F81                     PORTB           equ	3969	;# 
   369   000F82                     PORTC           equ	3970	;# 
   370   000F83                     PORTD           equ	3971	;# 
   371   000F84                     PORTE           equ	3972	;# 
   372   000F89                     LATA            equ	3977	;# 
   373   000F8A                     LATB            equ	3978	;# 
   374   000F8B                     LATC            equ	3979	;# 
   375   000F8C                     LATD            equ	3980	;# 
   376   000F8D                     LATE            equ	3981	;# 
   377   000F92                     TRISA           equ	3986	;# 
   378   000F92                     DDRA            equ	3986	;# 
   379   000F93                     TRISB           equ	3987	;# 
   380   000F93                     DDRB            equ	3987	;# 
   381   000F94                     TRISC           equ	3988	;# 
   382   000F94                     DDRC            equ	3988	;# 
   383   000F95                     TRISD           equ	3989	;# 
   384   000F95                     DDRD            equ	3989	;# 
   385   000F96                     TRISE           equ	3990	;# 
   386   000F96                     DDRE            equ	3990	;# 
   387   000F9B                     OSCTUNE         equ	3995	;# 
   388   000F9D                     PIE1            equ	3997	;# 
   389   000F9E                     PIR1            equ	3998	;# 
   390   000F9F                     IPR1            equ	3999	;# 
   391   000FA0                     PIE2            equ	4000	;# 
   392   000FA1                     PIR2            equ	4001	;# 
   393   000FA2                     IPR2            equ	4002	;# 
   394   000FA3                     PIE3            equ	4003	;# 
   395   000FA4                     PIR3            equ	4004	;# 
   396   000FA5                     IPR3            equ	4005	;# 
   397   000FA6                     EECON1          equ	4006	;# 
   398   000FA7                     EECON2          equ	4007	;# 
   399   000FA8                     EEDATA          equ	4008	;# 
   400   000FA9                     EEADR           equ	4009	;# 
   401   000FAB                     RCSTA           equ	4011	;# 
   402   000FAB                     RCSTA1          equ	4011	;# 
   403   000FAC                     TXSTA           equ	4012	;# 
   404   000FAC                     TXSTA1          equ	4012	;# 
   405   000FAD                     TXREG           equ	4013	;# 
   406   000FAD                     TXREG1          equ	4013	;# 
   407   000FAE                     RCREG           equ	4014	;# 
   408   000FAE                     RCREG1          equ	4014	;# 
   409   000FAF                     SPBRG           equ	4015	;# 
   410   000FAF                     SPBRG1          equ	4015	;# 
   411   000FB0                     SPBRGH          equ	4016	;# 
   412   000FB1                     T3CON           equ	4017	;# 
   413   000FB2                     TMR3            equ	4018	;# 
   414   000FB2                     TMR3L           equ	4018	;# 
   415   000FB3                     TMR3H           equ	4019	;# 
   416   000FB4                     CMCON           equ	4020	;# 
   417   000FB5                     CVRCON          equ	4021	;# 
   418   000FB6                     ECCP1AS         equ	4022	;# 
   419   000FB7                     ECCP1DEL        equ	4023	;# 
   420   000FB8                     BAUDCON         equ	4024	;# 
   421   000FB8                     BAUDCTL         equ	4024	;# 
   422   000FBA                     ECCP1CON        equ	4026	;# 
   423   000FBB                     ECCPR1          equ	4027	;# 
   424   000FBB                     ECCPR1L         equ	4027	;# 
   425   000FBC                     ECCPR1H         equ	4028	;# 
   426   000FBD                     CCP1CON         equ	4029	;# 
   427   000FBE                     CCPR1           equ	4030	;# 
   428   000FBE                     CCPR1L          equ	4030	;# 
   429   000FBF                     CCPR1H          equ	4031	;# 
   430   000FC0                     ADCON2          equ	4032	;# 
   431   000FC1                     ADCON1          equ	4033	;# 
   432   000FC2                     ADCON0          equ	4034	;# 
   433   000FC3                     ADRES           equ	4035	;# 
   434   000FC3                     ADRESL          equ	4035	;# 
   435   000FC4                     ADRESH          equ	4036	;# 
   436   000FC5                     SSPCON2         equ	4037	;# 
   437   000FC6                     SSPCON1         equ	4038	;# 
   438   000FC7                     SSPSTAT         equ	4039	;# 
   439   000FC8                     SSPADD          equ	4040	;# 
   440   000FC9                     SSPBUF          equ	4041	;# 
   441   000FCA                     T2CON           equ	4042	;# 
   442   000FCB                     PR2             equ	4043	;# 
   443   000FCB                     MEMCON          equ	4043	;# 
   444   000FCC                     TMR2            equ	4044	;# 
   445   000FCD                     T1CON           equ	4045	;# 
   446   000FCE                     TMR1            equ	4046	;# 
   447   000FCE                     TMR1L           equ	4046	;# 
   448   000FCF                     TMR1H           equ	4047	;# 
   449   000FD0                     RCON            equ	4048	;# 
   450   000FD1                     WDTCON          equ	4049	;# 
   451   000FD2                     HLVDCON         equ	4050	;# 
   452   000FD2                     LVDCON          equ	4050	;# 
   453   000FD3                     OSCCON          equ	4051	;# 
   454   000FD5                     T0CON           equ	4053	;# 
   455   000FD6                     TMR0            equ	4054	;# 
   456   000FD6                     TMR0L           equ	4054	;# 
   457   000FD7                     TMR0H           equ	4055	;# 
   458   000FD8                     STATUS          equ	4056	;# 
   459   000FD9                     FSR2            equ	4057	;# 
   460   000FD9                     FSR2L           equ	4057	;# 
   461   000FDA                     FSR2H           equ	4058	;# 
   462   000FDB                     PLUSW2          equ	4059	;# 
   463   000FDC                     PREINC2         equ	4060	;# 
   464   000FDD                     POSTDEC2        equ	4061	;# 
   465   000FDE                     POSTINC2        equ	4062	;# 
   466   000FDF                     INDF2           equ	4063	;# 
   467   000FE0                     BSR             equ	4064	;# 
   468   000FE1                     FSR1            equ	4065	;# 
   469   000FE1                     FSR1L           equ	4065	;# 
   470   000FE2                     FSR1H           equ	4066	;# 
   471   000FE3                     PLUSW1          equ	4067	;# 
   472   000FE4                     PREINC1         equ	4068	;# 
   473   000FE5                     POSTDEC1        equ	4069	;# 
   474   000FE6                     POSTINC1        equ	4070	;# 
   475   000FE7                     INDF1           equ	4071	;# 
   476   000FE8                     WREG            equ	4072	;# 
   477   000FE9                     FSR0            equ	4073	;# 
   478   000FE9                     FSR0L           equ	4073	;# 
   479   000FEA                     FSR0H           equ	4074	;# 
   480   000FEB                     PLUSW0          equ	4075	;# 
   481   000FEC                     PREINC0         equ	4076	;# 
   482   000FED                     POSTDEC0        equ	4077	;# 
   483   000FEE                     POSTINC0        equ	4078	;# 
   484   000FEF                     INDF0           equ	4079	;# 
   485   000FF0                     INTCON3         equ	4080	;# 
   486   000FF1                     INTCON2         equ	4081	;# 
   487   000FF2                     INTCON          equ	4082	;# 
   488   000FF3                     PROD            equ	4083	;# 
   489   000FF3                     PRODL           equ	4083	;# 
   490   000FF4                     PRODH           equ	4084	;# 
   491   000FF5                     TABLAT          equ	4085	;# 
   492   000FF6                     TBLPTR          equ	4086	;# 
   493   000FF6                     TBLPTRL         equ	4086	;# 
   494   000FF7                     TBLPTRH         equ	4087	;# 
   495   000FF8                     TBLPTRU         equ	4088	;# 
   496   000FF9                     PCLAT           equ	4089	;# 
   497   000FF9                     PC              equ	4089	;# 
   498   000FF9                     PCL             equ	4089	;# 
   499   000FFA                     PCLATH          equ	4090	;# 
   500   000FFB                     PCLATU          equ	4091	;# 
   501   000FFC                     STKPTR          equ	4092	;# 
   502   000FFD                     TOS             equ	4093	;# 
   503   000FFD                     TOSL            equ	4093	;# 
   504   000FFE                     TOSH            equ	4094	;# 
   505   000FFF                     TOSU            equ	4095	;# 
   506                           
   507                           	psect	idataCOMRAM
   508   003000                     __pidataCOMRAM:
   509                           	callstack 0
   510                           
   511                           ;initializer for read_dkp_edge@onces
   512   003000  01                 	db	1
   513   000F82                     _PORTC          set	3970
   514   000F94                     _TRISC          set	3988
   515   000F81                     _PORTB          set	3969
   516   000F93                     _TRISB          set	3987
   517                           
   518                           ; #config settings
   519                           
   520                           	psect	cinit
   521   000AB2                     __pcinit:
   522                           	callstack 0
   523   000AB2                     start_initialization:
   524                           	callstack 0
   525   000AB2                     __initialization:
   526                           	callstack 0
   527                           
   528                           ; Initialize objects allocated to COMRAM (1 bytes)
   529                           ; load TBLPTR registers with __pidataCOMRAM
   530   000AB2  0E00               	movlw	low __pidataCOMRAM
   531   000AB4  6EF6               	movwf	tblptrl,c
   532   000AB6  0E30               	movlw	high __pidataCOMRAM
   533   000AB8  6EF7               	movwf	tblptrh,c
   534   000ABA  0E00               	movlw	low (__pidataCOMRAM shr (0+16))
   535   000ABC  6EF8               	movwf	tblptru,c
   536   000ABE  0009               	tblrd		*+	;fetch initializer
   537   000AC0  CFF5 F00C          	movff	tablat,__pdataCOMRAM
   538   000AC4                     end_of_initialization:
   539                           	callstack 0
   540   000AC4                     __end_of__initialization:
   541                           	callstack 0
   542   000AC4  0100               	movlb	0
   543   000AC6  EF01  F003         	goto	_main	;jump to C main() function
   544                           
   545                           	psect	dataCOMRAM
   546   00000C                     __pdataCOMRAM:
   547                           	callstack 0
   548   00000C                     read_dkp_edge@onces:
   549                           	callstack 0
   550   00000C                     	ds	1
   551                           
   552                           	psect	cstackCOMRAM
   553   000001                     __pcstackCOMRAM:
   554                           	callstack 0
   555   000001                     main@mark:
   556                           	callstack 0
   557   000001                     
   558                           ; 1 bytes @ 0x0
   559   000001                     	ds	1
   560   000002                     main@key:
   561                           	callstack 0
   562                           
   563                           ; 1 bytes @ 0x1
   564   000002                     	ds	1
   565   000003                     main@flag:
   566                           	callstack 0
   567                           
   568                           ; 1 bytes @ 0x2
   569   000003                     	ds	1
   570   000004                     main@delay:
   571                           	callstack 0
   572                           
   573                           ; 4 bytes @ 0x3
   574   000004                     	ds	4
   575   000008                     main@i:
   576                           	callstack 0
   577                           
   578                           ; 4 bytes @ 0x7
   579   000008                     	ds	4
   580                           
   581 ;;
   582 ;;Main: autosize = 0, tempsize = 0, incstack = 0, save=0
   583 ;;
   584 ;; *************** function _main *****************
   585 ;; Defined at:
   586 ;;		line 35 in file "newmain.c"
   587 ;; Parameters:    Size  Location     Type
   588 ;;		None
   589 ;; Auto vars:     Size  Location     Type
   590 ;;  i               4    7[COMRAM] volatile unsigned long 
   591 ;;  delay           4    3[COMRAM] volatile unsigned long 
   592 ;;  flag            1    2[COMRAM] unsigned char 
   593 ;;  key             1    1[COMRAM] unsigned char 
   594 ;;  mark            1    0[COMRAM] unsigned char 
   595 ;; Return value:  Size  Location     Type
   596 ;;                  1    wreg      void 
   597 ;; Registers used:
   598 ;;		wreg, status,2, status,0, cstack
   599 ;; Tracked objects:
   600 ;;		On entry : 0/0
   601 ;;		On exit  : 0/0
   602 ;;		Unchanged: 0/0
   603 ;; Data sizes:     COMRAM   BANK0   BANK1   BANK2   BANK3   BANK4   BANK5
   604 ;;      Params:         0       0       0       0       0       0       0
   605 ;;      Locals:        11       0       0       0       0       0       0
   606 ;;      Temps:          0       0       0       0       0       0       0
   607 ;;      Totals:        11       0       0       0       0       0       0
   608 ;;Total ram usage:       11 bytes
   609 ;; Hardware stack levels required when called: 1
   610 ;; This function calls:
   611 ;;		_init_config
   612 ;;		_read_dkp_edge
   613 ;; This function is called by:
   614 ;;		Startup code after reset
   615 ;; This function uses a non-reentrant model
   616 ;;
   617                           
   618                           	psect	text0
   619   000602                     __ptext0:
   620                           	callstack 0
   621   000602                     _main:
   622                           	callstack 30
   623   000602                     
   624                           ;newmain.c: 37:     init_config() ;
   625   000602  EC65  F005         	call	_init_config	;wreg free
   626   000606                     
   627                           ;newmain.c: 38:     volatile unsigned long int delay = 0 ,i = 0 ;
   628   000606  0E00               	movlw	0
   629   000608  6E04               	movwf	main@delay^0,c	;volatile
   630   00060A  0E00               	movlw	0
   631   00060C  6E05               	movwf	(main@delay+1)^0,c	;volatile
   632   00060E  0E00               	movlw	0
   633   000610  6E06               	movwf	(main@delay+2)^0,c	;volatile
   634   000612  0E00               	movlw	0
   635   000614  6E07               	movwf	(main@delay+3)^0,c	;volatile
   636   000616  0E00               	movlw	0
   637   000618  6E08               	movwf	main@i^0,c	;volatile
   638   00061A  0E00               	movlw	0
   639   00061C  6E09               	movwf	(main@i+1)^0,c	;volatile
   640   00061E  0E00               	movlw	0
   641   000620  6E0A               	movwf	(main@i+2)^0,c	;volatile
   642   000622  0E00               	movlw	0
   643   000624  6E0B               	movwf	(main@i+3)^0,c	;volatile
   644   000626                     
   645                           ;newmain.c: 39:     unsigned char key , flag= 0 ,mark = 0 ;
   646   000626  6A03               	clrf	main@flag^0,c
   647   000628                     l776:
   648                           
   649                           ;newmain.c: 43:     {;newmain.c: 44:         mark = flag ;
   650   000628  C003  F001         	movff	main@flag,main@mark
   651                           
   652                           ;newmain.c: 45:         key = read_dkp_edge() ;
   653   00062C  EC34  F005         	call	_read_dkp_edge	;wreg free
   654   000630  6E02               	movwf	main@key^0,c
   655   000632                     
   656                           ;newmain.c: 47:         if(key==0X0E)
   657   000632  0E0E               	movlw	14
   658   000634  1802               	xorwf	main@key^0,w,c
   659   000636  A4D8               	btfss	status,2,c
   660   000638  EF20  F003         	goto	u41
   661   00063C  EF22  F003         	goto	u40
   662   000640                     u41:
   663   000640  EF26  F003         	goto	l782
   664   000644                     u40:
   665   000644                     
   666                           ;newmain.c: 48:         flag = 1 ;
   667   000644  0E01               	movlw	1
   668   000646  6E03               	movwf	main@flag^0,c
   669   000648  EF4D  F003         	goto	l794
   670   00064C                     l782:
   671   00064C  0E0D               	movlw	13
   672   00064E  1802               	xorwf	main@key^0,w,c
   673   000650  A4D8               	btfss	status,2,c
   674   000652  EF2D  F003         	goto	u51
   675   000656  EF2F  F003         	goto	u50
   676   00065A                     u51:
   677   00065A  EF33  F003         	goto	l786
   678   00065E                     u50:
   679   00065E                     
   680                           ;newmain.c: 50:         flag = 2 ;
   681   00065E  0E02               	movlw	2
   682   000660  6E03               	movwf	main@flag^0,c
   683   000662  EF4D  F003         	goto	l794
   684   000666                     l786:
   685   000666  0E0B               	movlw	11
   686   000668  1802               	xorwf	main@key^0,w,c
   687   00066A  A4D8               	btfss	status,2,c
   688   00066C  EF3A  F003         	goto	u61
   689   000670  EF3C  F003         	goto	u60
   690   000674                     u61:
   691   000674  EF40  F003         	goto	l790
   692   000678                     u60:
   693   000678                     
   694                           ;newmain.c: 52:         flag = 3 ;
   695   000678  0E03               	movlw	3
   696   00067A  6E03               	movwf	main@flag^0,c
   697   00067C  EF4D  F003         	goto	l794
   698   000680                     l790:
   699   000680  0E07               	movlw	7
   700   000682  1802               	xorwf	main@key^0,w,c
   701   000684  A4D8               	btfss	status,2,c
   702   000686  EF47  F003         	goto	u71
   703   00068A  EF49  F003         	goto	u70
   704   00068E                     u71:
   705   00068E  EF4D  F003         	goto	l28
   706   000692                     u70:
   707   000692                     
   708                           ;newmain.c: 54:         flag = 4 ;
   709   000692  0E04               	movlw	4
   710   000694  6E03               	movwf	main@flag^0,c
   711   000696  EF4D  F003         	goto	l794
   712   00069A                     l28:
   713   00069A                     l794:
   714                           
   715                           ;newmain.c: 55:         if(mark != flag)
   716   00069A  5003               	movf	main@flag^0,w,c
   717   00069C  1801               	xorwf	main@mark^0,w,c
   718   00069E  B4D8               	btfsc	status,2,c
   719   0006A0  EF54  F003         	goto	u81
   720   0006A4  EF56  F003         	goto	u80
   721   0006A8                     u81:
   722   0006A8  EF5F  F003         	goto	l800
   723   0006AC                     u80:
   724   0006AC                     
   725                           ;newmain.c: 56:         {;newmain.c: 57:             i= 0 ;
   726   0006AC  0E00               	movlw	0
   727   0006AE  6E08               	movwf	main@i^0,c	;volatile
   728   0006B0  0E00               	movlw	0
   729   0006B2  6E09               	movwf	(main@i+1)^0,c	;volatile
   730   0006B4  0E00               	movlw	0
   731   0006B6  6E0A               	movwf	(main@i+2)^0,c	;volatile
   732   0006B8  0E00               	movlw	0
   733   0006BA  6E0B               	movwf	(main@i+3)^0,c	;volatile
   734   0006BC                     
   735                           ;newmain.c: 58:             PORTB = 0X00 ;
   736   0006BC  6A81               	clrf	129,c	;volatile
   737   0006BE                     l800:
   738                           
   739                           ;newmain.c: 61:         if(flag==1)
   740   0006BE  0403               	decf	main@flag^0,w,c
   741   0006C0  A4D8               	btfss	status,2,c
   742   0006C2  EF65  F003         	goto	u91
   743   0006C6  EF67  F003         	goto	u90
   744   0006CA                     u91:
   745   0006CA  EF0B  F004         	goto	l830
   746   0006CE                     u90:
   747   0006CE                     
   748                           ;newmain.c: 62:         {;newmain.c: 63:             if(delay++ == 40000)
   749   0006CE  0E01               	movlw	1
   750   0006D0  2604               	addwf	main@delay^0,f,c	;volatile
   751   0006D2  0E00               	movlw	0
   752   0006D4  2205               	addwfc	(main@delay+1)^0,f,c	;volatile
   753   0006D6  2206               	addwfc	(main@delay+2)^0,f,c	;volatile
   754   0006D8  2207               	addwfc	(main@delay+3)^0,f,c	;volatile
   755   0006DA  0E41               	movlw	65
   756   0006DC  1804               	xorwf	main@delay^0,w,c	;volatile
   757   0006DE  E109               	bnz	u101
   758   0006E0  0E9C               	movlw	156
   759   0006E2  1805               	xorwf	(main@delay+1)^0,w,c	;volatile
   760   0006E4  1006               	iorwf	(main@delay+2)^0,w,c	;volatile
   761   0006E6  1007               	iorwf	(main@delay+3)^0,w,c	;volatile
   762   0006E8  A4D8               	btfss	status,2,c
   763   0006EA  EF79  F003         	goto	u101
   764   0006EE  EF7B  F003         	goto	u100
   765   0006F2                     u101:
   766   0006F2  EF30  F005         	goto	l890
   767   0006F6                     u100:
   768   0006F6                     
   769                           ;newmain.c: 64:             {;newmain.c: 65:                 delay = 0 ;
   770   0006F6  0E00               	movlw	0
   771   0006F8  6E04               	movwf	main@delay^0,c	;volatile
   772   0006FA  0E00               	movlw	0
   773   0006FC  6E05               	movwf	(main@delay+1)^0,c	;volatile
   774   0006FE  0E00               	movlw	0
   775   000700  6E06               	movwf	(main@delay+2)^0,c	;volatile
   776   000702  0E00               	movlw	0
   777   000704  6E07               	movwf	(main@delay+3)^0,c	;volatile
   778   000706                     
   779                           ;newmain.c: 66:                 if(i<8)
   780   000706  500B               	movf	(main@i+3)^0,w,c	;volatile
   781   000708  100A               	iorwf	(main@i+2)^0,w,c	;volatile
   782   00070A  1009               	iorwf	(main@i+1)^0,w,c	;volatile
   783   00070C  E107               	bnz	u111
   784   00070E  0E08               	movlw	8
   785   000710  5C08               	subwf	main@i^0,w,c	;volatile
   786   000712  B0D8               	btfsc	status,0,c
   787   000714  EF8E  F003         	goto	u111
   788   000718  EF90  F003         	goto	u110
   789   00071C                     u111:
   790   00071C  EF94  F003         	goto	l810
   791   000720                     u110:
   792   000720                     
   793                           ;newmain.c: 67:                 {;newmain.c: 68:                     PORTB = (PORTB << 1
      +                          ) | 1 ;
   794   000720  80D8               	bsf	status,0,c
   795   000722  3681               	rlcf	129,f,c	;volatile
   796                           
   797                           ;newmain.c: 69:                 }
   798   000724  EFEE  F003         	goto	l36
   799   000728                     l810:
   800   000728  500B               	movf	(main@i+3)^0,w,c	;volatile
   801   00072A  100A               	iorwf	(main@i+2)^0,w,c	;volatile
   802   00072C  1009               	iorwf	(main@i+1)^0,w,c	;volatile
   803   00072E  E109               	bnz	u120
   804   000730  0E08               	movlw	8
   805   000732  5C08               	subwf	main@i^0,w,c	;volatile
   806   000734  A0D8               	btfss	status,0,c
   807   000736  EF9F  F003         	goto	u121
   808   00073A  EFA1  F003         	goto	u120
   809   00073E                     u121:
   810   00073E  EFB3  F003         	goto	l816
   811   000742                     u120:
   812   000742  500B               	movf	(main@i+3)^0,w,c	;volatile
   813   000744  100A               	iorwf	(main@i+2)^0,w,c	;volatile
   814   000746  1009               	iorwf	(main@i+1)^0,w,c	;volatile
   815   000748  E107               	bnz	u131
   816   00074A  0E10               	movlw	16
   817   00074C  5C08               	subwf	main@i^0,w,c	;volatile
   818   00074E  B0D8               	btfsc	status,0,c
   819   000750  EFAC  F003         	goto	u131
   820   000754  EFAE  F003         	goto	u130
   821   000758                     u131:
   822   000758  EFB3  F003         	goto	l816
   823   00075C                     u130:
   824   00075C                     
   825                           ;newmain.c: 71:                 {;newmain.c: 72:                     PORTB = (PORTB << 1
      +                          ) ;
   826   00075C  5081               	movf	129,w,c	;volatile
   827   00075E  2481               	addwf	129,w,c	;volatile
   828   000760  6E81               	movwf	129,c	;volatile
   829                           
   830                           ;newmain.c: 73:                 }
   831   000762  EFEE  F003         	goto	l36
   832   000766                     l816:
   833   000766  500B               	movf	(main@i+3)^0,w,c	;volatile
   834   000768  100A               	iorwf	(main@i+2)^0,w,c	;volatile
   835   00076A  1009               	iorwf	(main@i+1)^0,w,c	;volatile
   836   00076C  E109               	bnz	u140
   837   00076E  0E10               	movlw	16
   838   000770  5C08               	subwf	main@i^0,w,c	;volatile
   839   000772  A0D8               	btfss	status,0,c
   840   000774  EFBE  F003         	goto	u141
   841   000778  EFC0  F003         	goto	u140
   842   00077C                     u141:
   843   00077C  EFD1  F003         	goto	l822
   844   000780                     u140:
   845   000780  500B               	movf	(main@i+3)^0,w,c	;volatile
   846   000782  100A               	iorwf	(main@i+2)^0,w,c	;volatile
   847   000784  1009               	iorwf	(main@i+1)^0,w,c	;volatile
   848   000786  E107               	bnz	u151
   849   000788  0E18               	movlw	24
   850   00078A  5C08               	subwf	main@i^0,w,c	;volatile
   851   00078C  B0D8               	btfsc	status,0,c
   852   00078E  EFCB  F003         	goto	u151
   853   000792  EFCD  F003         	goto	u150
   854   000796                     u151:
   855   000796  EFD1  F003         	goto	l822
   856   00079A                     u150:
   857   00079A                     
   858                           ;newmain.c: 75:                 {;newmain.c: 76:                     PORTB = (PORTB >> 1
      +                          ) | 0X80 ;
   859   00079A  80D8               	bsf	status,0,c
   860   00079C  3281               	rrcf	129,f,c	;volatile
   861                           
   862                           ;newmain.c: 77:                 }
   863   00079E  EFEE  F003         	goto	l36
   864   0007A2                     l822:
   865   0007A2  500B               	movf	(main@i+3)^0,w,c	;volatile
   866   0007A4  100A               	iorwf	(main@i+2)^0,w,c	;volatile
   867   0007A6  1009               	iorwf	(main@i+1)^0,w,c	;volatile
   868   0007A8  E109               	bnz	u160
   869   0007AA  0E18               	movlw	24
   870   0007AC  5C08               	subwf	main@i^0,w,c	;volatile
   871   0007AE  A0D8               	btfss	status,0,c
   872   0007B0  EFDC  F003         	goto	u161
   873   0007B4  EFDE  F003         	goto	u160
   874   0007B8                     u161:
   875   0007B8  EFEE  F003         	goto	l36
   876   0007BC                     u160:
   877   0007BC  500B               	movf	(main@i+3)^0,w,c	;volatile
   878   0007BE  100A               	iorwf	(main@i+2)^0,w,c	;volatile
   879   0007C0  1009               	iorwf	(main@i+1)^0,w,c	;volatile
   880   0007C2  E107               	bnz	u171
   881   0007C4  0E20               	movlw	32
   882   0007C6  5C08               	subwf	main@i^0,w,c	;volatile
   883   0007C8  B0D8               	btfsc	status,0,c
   884   0007CA  EFE9  F003         	goto	u171
   885   0007CE  EFEB  F003         	goto	u170
   886   0007D2                     u171:
   887   0007D2  EFEE  F003         	goto	l36
   888   0007D6                     u170:
   889   0007D6                     
   890                           ;newmain.c: 79:                 {;newmain.c: 80:                     PORTB = PORTB >> 1 
      +                          ;
   891   0007D6  90D8               	bcf	status,0,c
   892   0007D8  3081               	rrcf	129,w,c	;volatile
   893   0007DA  6E81               	movwf	129,c	;volatile
   894   0007DC                     l36:
   895                           
   896                           ;newmain.c: 82:                 i++ ;
   897   0007DC  0E01               	movlw	1
   898   0007DE  2608               	addwf	main@i^0,f,c	;volatile
   899   0007E0  0E00               	movlw	0
   900   0007E2  2209               	addwfc	(main@i+1)^0,f,c	;volatile
   901   0007E4  220A               	addwfc	(main@i+2)^0,f,c	;volatile
   902   0007E6  220B               	addwfc	(main@i+3)^0,f,c	;volatile
   903                           
   904                           ;newmain.c: 84:                 if(i>31)
   905   0007E8  500B               	movf	(main@i+3)^0,w,c	;volatile
   906   0007EA  100A               	iorwf	(main@i+2)^0,w,c	;volatile
   907   0007EC  1009               	iorwf	(main@i+1)^0,w,c	;volatile
   908   0007EE  E109               	bnz	u180
   909   0007F0  0E20               	movlw	32
   910   0007F2  5C08               	subwf	main@i^0,w,c	;volatile
   911   0007F4  A0D8               	btfss	status,0,c
   912   0007F6  EFFF  F003         	goto	u181
   913   0007FA  EF01  F004         	goto	u180
   914   0007FE                     u181:
   915   0007FE  EF30  F005         	goto	l890
   916   000802                     u180:
   917   000802                     l828:
   918                           
   919                           ;newmain.c: 85:                 i = 0 ;
   920   000802  0E00               	movlw	0
   921   000804  6E08               	movwf	main@i^0,c	;volatile
   922   000806  0E00               	movlw	0
   923   000808  6E09               	movwf	(main@i+1)^0,c	;volatile
   924   00080A  0E00               	movlw	0
   925   00080C  6E0A               	movwf	(main@i+2)^0,c	;volatile
   926   00080E  0E00               	movlw	0
   927   000810  6E0B               	movwf	(main@i+3)^0,c	;volatile
   928   000812  EF30  F005         	goto	l890
   929   000816                     l830:
   930   000816  0E02               	movlw	2
   931   000818  1803               	xorwf	main@flag^0,w,c
   932   00081A  A4D8               	btfss	status,2,c
   933   00081C  EF12  F004         	goto	u191
   934   000820  EF14  F004         	goto	u190
   935   000824                     u191:
   936   000824  EF73  F004         	goto	l848
   937   000828                     u190:
   938   000828                     
   939                           ;newmain.c: 90:         {;newmain.c: 91:             if(delay++ == 40000)
   940   000828  0E01               	movlw	1
   941   00082A  2604               	addwf	main@delay^0,f,c	;volatile
   942   00082C  0E00               	movlw	0
   943   00082E  2205               	addwfc	(main@delay+1)^0,f,c	;volatile
   944   000830  2206               	addwfc	(main@delay+2)^0,f,c	;volatile
   945   000832  2207               	addwfc	(main@delay+3)^0,f,c	;volatile
   946   000834  0E41               	movlw	65
   947   000836  1804               	xorwf	main@delay^0,w,c	;volatile
   948   000838  E109               	bnz	u201
   949   00083A  0E9C               	movlw	156
   950   00083C  1805               	xorwf	(main@delay+1)^0,w,c	;volatile
   951   00083E  1006               	iorwf	(main@delay+2)^0,w,c	;volatile
   952   000840  1007               	iorwf	(main@delay+3)^0,w,c	;volatile
   953   000842  A4D8               	btfss	status,2,c
   954   000844  EF26  F004         	goto	u201
   955   000848  EF28  F004         	goto	u200
   956   00084C                     u201:
   957   00084C  EF30  F005         	goto	l890
   958   000850                     u200:
   959   000850                     
   960                           ;newmain.c: 92:             {;newmain.c: 93:                 delay = 0 ;
   961   000850  0E00               	movlw	0
   962   000852  6E04               	movwf	main@delay^0,c	;volatile
   963   000854  0E00               	movlw	0
   964   000856  6E05               	movwf	(main@delay+1)^0,c	;volatile
   965   000858  0E00               	movlw	0
   966   00085A  6E06               	movwf	(main@delay+2)^0,c	;volatile
   967   00085C  0E00               	movlw	0
   968   00085E  6E07               	movwf	(main@delay+3)^0,c	;volatile
   969   000860                     
   970                           ;newmain.c: 94:                 if(i<8)
   971   000860  500B               	movf	(main@i+3)^0,w,c	;volatile
   972   000862  100A               	iorwf	(main@i+2)^0,w,c	;volatile
   973   000864  1009               	iorwf	(main@i+1)^0,w,c	;volatile
   974   000866  E107               	bnz	u211
   975   000868  0E08               	movlw	8
   976   00086A  5C08               	subwf	main@i^0,w,c	;volatile
   977   00086C  B0D8               	btfsc	status,0,c
   978   00086E  EF3B  F004         	goto	u211
   979   000872  EF3D  F004         	goto	u210
   980   000876                     u211:
   981   000876  EF41  F004         	goto	l840
   982   00087A                     u210:
   983   00087A                     
   984                           ;newmain.c: 95:                 {;newmain.c: 96:                     PORTB = (PORTB << 1
      +                          ) | 1 ;
   985   00087A  80D8               	bsf	status,0,c
   986   00087C  3681               	rlcf	129,f,c	;volatile
   987                           
   988                           ;newmain.c: 97:                 }
   989   00087E  EF5E  F004         	goto	l47
   990   000882                     l840:
   991   000882  500B               	movf	(main@i+3)^0,w,c	;volatile
   992   000884  100A               	iorwf	(main@i+2)^0,w,c	;volatile
   993   000886  1009               	iorwf	(main@i+1)^0,w,c	;volatile
   994   000888  E109               	bnz	u220
   995   00088A  0E08               	movlw	8
   996   00088C  5C08               	subwf	main@i^0,w,c	;volatile
   997   00088E  A0D8               	btfss	status,0,c
   998   000890  EF4C  F004         	goto	u221
   999   000894  EF4E  F004         	goto	u220
  1000   000898                     u221:
  1001   000898  EF5E  F004         	goto	l47
  1002   00089C                     u220:
  1003   00089C  500B               	movf	(main@i+3)^0,w,c	;volatile
  1004   00089E  100A               	iorwf	(main@i+2)^0,w,c	;volatile
  1005   0008A0  1009               	iorwf	(main@i+1)^0,w,c	;volatile
  1006   0008A2  E107               	bnz	u231
  1007   0008A4  0E10               	movlw	16
  1008   0008A6  5C08               	subwf	main@i^0,w,c	;volatile
  1009   0008A8  B0D8               	btfsc	status,0,c
  1010   0008AA  EF59  F004         	goto	u231
  1011   0008AE  EF5B  F004         	goto	u230
  1012   0008B2                     u231:
  1013   0008B2  EF5E  F004         	goto	l47
  1014   0008B6                     u230:
  1015   0008B6                     
  1016                           ;newmain.c: 99:                 {;newmain.c: 100:                     PORTB = (PORTB << 
      +                          1) ;
  1017   0008B6  5081               	movf	129,w,c	;volatile
  1018   0008B8  2481               	addwf	129,w,c	;volatile
  1019   0008BA  6E81               	movwf	129,c	;volatile
  1020   0008BC                     l47:
  1021                           
  1022                           ;newmain.c: 103:                 i++ ;
  1023   0008BC  0E01               	movlw	1
  1024   0008BE  2608               	addwf	main@i^0,f,c	;volatile
  1025   0008C0  0E00               	movlw	0
  1026   0008C2  2209               	addwfc	(main@i+1)^0,f,c	;volatile
  1027   0008C4  220A               	addwfc	(main@i+2)^0,f,c	;volatile
  1028   0008C6  220B               	addwfc	(main@i+3)^0,f,c	;volatile
  1029                           
  1030                           ;newmain.c: 104:                 if(i>15)
  1031   0008C8  500B               	movf	(main@i+3)^0,w,c	;volatile
  1032   0008CA  100A               	iorwf	(main@i+2)^0,w,c	;volatile
  1033   0008CC  1009               	iorwf	(main@i+1)^0,w,c	;volatile
  1034   0008CE  E109               	bnz	u240
  1035   0008D0  0E10               	movlw	16
  1036   0008D2  5C08               	subwf	main@i^0,w,c	;volatile
  1037   0008D4  A0D8               	btfss	status,0,c
  1038   0008D6  EF6F  F004         	goto	u241
  1039   0008DA  EF71  F004         	goto	u240
  1040   0008DE                     u241:
  1041   0008DE  EF30  F005         	goto	l890
  1042   0008E2                     u240:
  1043   0008E2  EF01  F004         	goto	l828
  1044   0008E6                     l848:
  1045   0008E6  0E03               	movlw	3
  1046   0008E8  1803               	xorwf	main@flag^0,w,c
  1047   0008EA  A4D8               	btfss	status,2,c
  1048   0008EC  EF7A  F004         	goto	u251
  1049   0008F0  EF7C  F004         	goto	u250
  1050   0008F4                     u251:
  1051   0008F4  EFDA  F004         	goto	l870
  1052   0008F8                     u250:
  1053   0008F8                     
  1054                           ;newmain.c: 110:         {;newmain.c: 111:             if(delay++ == 30000)
  1055   0008F8  0E01               	movlw	1
  1056   0008FA  2604               	addwf	main@delay^0,f,c	;volatile
  1057   0008FC  0E00               	movlw	0
  1058   0008FE  2205               	addwfc	(main@delay+1)^0,f,c	;volatile
  1059   000900  2206               	addwfc	(main@delay+2)^0,f,c	;volatile
  1060   000902  2207               	addwfc	(main@delay+3)^0,f,c	;volatile
  1061   000904  0E31               	movlw	49
  1062   000906  1804               	xorwf	main@delay^0,w,c	;volatile
  1063   000908  E109               	bnz	u261
  1064   00090A  0E75               	movlw	117
  1065   00090C  1805               	xorwf	(main@delay+1)^0,w,c	;volatile
  1066   00090E  1006               	iorwf	(main@delay+2)^0,w,c	;volatile
  1067   000910  1007               	iorwf	(main@delay+3)^0,w,c	;volatile
  1068   000912  A4D8               	btfss	status,2,c
  1069   000914  EF8E  F004         	goto	u261
  1070   000918  EF90  F004         	goto	u260
  1071   00091C                     u261:
  1072   00091C  EF30  F005         	goto	l890
  1073   000920                     u260:
  1074   000920                     
  1075                           ;newmain.c: 112:             {;newmain.c: 113:                 delay = 0 ;
  1076   000920  0E00               	movlw	0
  1077   000922  6E04               	movwf	main@delay^0,c	;volatile
  1078   000924  0E00               	movlw	0
  1079   000926  6E05               	movwf	(main@delay+1)^0,c	;volatile
  1080   000928  0E00               	movlw	0
  1081   00092A  6E06               	movwf	(main@delay+2)^0,c	;volatile
  1082   00092C  0E00               	movlw	0
  1083   00092E  6E07               	movwf	(main@delay+3)^0,c	;volatile
  1084   000930                     
  1085                           ;newmain.c: 114:                 if(i<4)
  1086   000930  500B               	movf	(main@i+3)^0,w,c	;volatile
  1087   000932  100A               	iorwf	(main@i+2)^0,w,c	;volatile
  1088   000934  1009               	iorwf	(main@i+1)^0,w,c	;volatile
  1089   000936  E107               	bnz	u271
  1090   000938  0E04               	movlw	4
  1091   00093A  5C08               	subwf	main@i^0,w,c	;volatile
  1092   00093C  B0D8               	btfsc	status,0,c
  1093   00093E  EFA3  F004         	goto	u271
  1094   000942  EFA5  F004         	goto	u270
  1095   000946                     u271:
  1096   000946  EFA9  F004         	goto	l858
  1097   00094A                     u270:
  1098   00094A                     
  1099                           ;newmain.c: 115:                 {;newmain.c: 116:                     PORTB = 0X055 ;
  1100   00094A  0E55               	movlw	85
  1101   00094C  6E81               	movwf	129,c	;volatile
  1102                           
  1103                           ;newmain.c: 117:                 }
  1104   00094E  EFC5  F004         	goto	l864
  1105   000952                     l858:
  1106   000952  500B               	movf	(main@i+3)^0,w,c	;volatile
  1107   000954  100A               	iorwf	(main@i+2)^0,w,c	;volatile
  1108   000956  1009               	iorwf	(main@i+1)^0,w,c	;volatile
  1109   000958  E109               	bnz	u280
  1110   00095A  0E04               	movlw	4
  1111   00095C  5C08               	subwf	main@i^0,w,c	;volatile
  1112   00095E  A0D8               	btfss	status,0,c
  1113   000960  EFB4  F004         	goto	u281
  1114   000964  EFB6  F004         	goto	u280
  1115   000968                     u281:
  1116   000968  EFC5  F004         	goto	l864
  1117   00096C                     u280:
  1118   00096C  500B               	movf	(main@i+3)^0,w,c	;volatile
  1119   00096E  100A               	iorwf	(main@i+2)^0,w,c	;volatile
  1120   000970  1009               	iorwf	(main@i+1)^0,w,c	;volatile
  1121   000972  E107               	bnz	u291
  1122   000974  0E08               	movlw	8
  1123   000976  5C08               	subwf	main@i^0,w,c	;volatile
  1124   000978  B0D8               	btfsc	status,0,c
  1125   00097A  EFC1  F004         	goto	u291
  1126   00097E  EFC3  F004         	goto	u290
  1127   000982                     u291:
  1128   000982  EFC5  F004         	goto	l864
  1129   000986                     u290:
  1130   000986                     
  1131                           ;newmain.c: 119:                 {;newmain.c: 120:                     PORTB = 0XAA ;
  1132   000986  0EAA               	movlw	170
  1133   000988  6E81               	movwf	129,c	;volatile
  1134   00098A                     l864:
  1135                           
  1136                           ;newmain.c: 122:                 i++ ;
  1137   00098A  0E01               	movlw	1
  1138   00098C  2608               	addwf	main@i^0,f,c	;volatile
  1139   00098E  0E00               	movlw	0
  1140   000990  2209               	addwfc	(main@i+1)^0,f,c	;volatile
  1141   000992  220A               	addwfc	(main@i+2)^0,f,c	;volatile
  1142   000994  220B               	addwfc	(main@i+3)^0,f,c	;volatile
  1143   000996                     
  1144                           ;newmain.c: 123:                 if(i>7)
  1145   000996  500B               	movf	(main@i+3)^0,w,c	;volatile
  1146   000998  100A               	iorwf	(main@i+2)^0,w,c	;volatile
  1147   00099A  1009               	iorwf	(main@i+1)^0,w,c	;volatile
  1148   00099C  E109               	bnz	u300
  1149   00099E  0E08               	movlw	8
  1150   0009A0  5C08               	subwf	main@i^0,w,c	;volatile
  1151   0009A2  A0D8               	btfss	status,0,c
  1152   0009A4  EFD6  F004         	goto	u301
  1153   0009A8  EFD8  F004         	goto	u300
  1154   0009AC                     u301:
  1155   0009AC  EF30  F005         	goto	l890
  1156   0009B0                     u300:
  1157   0009B0  EF01  F004         	goto	l828
  1158   0009B4                     l870:
  1159   0009B4  0E04               	movlw	4
  1160   0009B6  1803               	xorwf	main@flag^0,w,c
  1161   0009B8  A4D8               	btfss	status,2,c
  1162   0009BA  EFE1  F004         	goto	u311
  1163   0009BE  EFE3  F004         	goto	u310
  1164   0009C2                     u311:
  1165   0009C2  EF30  F005         	goto	l890
  1166   0009C6                     u310:
  1167   0009C6                     
  1168                           ;newmain.c: 131:         {;newmain.c: 133:             if(delay++ == 40000)
  1169   0009C6  0E01               	movlw	1
  1170   0009C8  2604               	addwf	main@delay^0,f,c	;volatile
  1171   0009CA  0E00               	movlw	0
  1172   0009CC  2205               	addwfc	(main@delay+1)^0,f,c	;volatile
  1173   0009CE  2206               	addwfc	(main@delay+2)^0,f,c	;volatile
  1174   0009D0  2207               	addwfc	(main@delay+3)^0,f,c	;volatile
  1175   0009D2  0E41               	movlw	65
  1176   0009D4  1804               	xorwf	main@delay^0,w,c	;volatile
  1177   0009D6  E109               	bnz	u321
  1178   0009D8  0E9C               	movlw	156
  1179   0009DA  1805               	xorwf	(main@delay+1)^0,w,c	;volatile
  1180   0009DC  1006               	iorwf	(main@delay+2)^0,w,c	;volatile
  1181   0009DE  1007               	iorwf	(main@delay+3)^0,w,c	;volatile
  1182   0009E0  A4D8               	btfss	status,2,c
  1183   0009E2  EFF5  F004         	goto	u321
  1184   0009E6  EFF7  F004         	goto	u320
  1185   0009EA                     u321:
  1186   0009EA  EF30  F005         	goto	l890
  1187   0009EE                     u320:
  1188   0009EE                     
  1189                           ;newmain.c: 134:             {;newmain.c: 135:                 delay = 0 ;
  1190   0009EE  0E00               	movlw	0
  1191   0009F0  6E04               	movwf	main@delay^0,c	;volatile
  1192   0009F2  0E00               	movlw	0
  1193   0009F4  6E05               	movwf	(main@delay+1)^0,c	;volatile
  1194   0009F6  0E00               	movlw	0
  1195   0009F8  6E06               	movwf	(main@delay+2)^0,c	;volatile
  1196   0009FA  0E00               	movlw	0
  1197   0009FC  6E07               	movwf	(main@delay+3)^0,c	;volatile
  1198   0009FE                     
  1199                           ;newmain.c: 136:                 if(i<1)
  1200   0009FE  5008               	movf	main@i^0,w,c	;volatile
  1201   000A00  1009               	iorwf	(main@i+1)^0,w,c	;volatile
  1202   000A02  100A               	iorwf	(main@i+2)^0,w,c	;volatile
  1203   000A04  100B               	iorwf	(main@i+3)^0,w,c	;volatile
  1204   000A06  A4D8               	btfss	status,2,c
  1205   000A08  EF08  F005         	goto	u331
  1206   000A0C  EF0A  F005         	goto	u330
  1207   000A10                     u331:
  1208   000A10  EF0E  F005         	goto	l880
  1209   000A14                     u330:
  1210   000A14                     
  1211                           ;newmain.c: 137:                 {;newmain.c: 138:                     PORTB = 0X0F ;
  1212   000A14  0E0F               	movlw	15
  1213   000A16  6E81               	movwf	129,c	;volatile
  1214                           
  1215                           ;newmain.c: 139:                 }
  1216   000A18  EF1B  F005         	goto	l884
  1217   000A1C                     l880:
  1218   000A1C  0408               	decf	main@i^0,w,c	;volatile
  1219   000A1E  1009               	iorwf	(main@i+1)^0,w,c	;volatile
  1220   000A20  100A               	iorwf	(main@i+2)^0,w,c	;volatile
  1221   000A22  100B               	iorwf	(main@i+3)^0,w,c	;volatile
  1222   000A24  A4D8               	btfss	status,2,c
  1223   000A26  EF17  F005         	goto	u341
  1224   000A2A  EF19  F005         	goto	u340
  1225   000A2E                     u341:
  1226   000A2E  EF1B  F005         	goto	l884
  1227   000A32                     u340:
  1228   000A32                     
  1229                           ;newmain.c: 141:                 {;newmain.c: 142:                     PORTB = 0XF0 ;
  1230   000A32  0EF0               	movlw	240
  1231   000A34  6E81               	movwf	129,c	;volatile
  1232   000A36                     l884:
  1233                           
  1234                           ;newmain.c: 144:                 i++ ;
  1235   000A36  0E01               	movlw	1
  1236   000A38  2608               	addwf	main@i^0,f,c	;volatile
  1237   000A3A  0E00               	movlw	0
  1238   000A3C  2209               	addwfc	(main@i+1)^0,f,c	;volatile
  1239   000A3E  220A               	addwfc	(main@i+2)^0,f,c	;volatile
  1240   000A40  220B               	addwfc	(main@i+3)^0,f,c	;volatile
  1241   000A42                     
  1242                           ;newmain.c: 145:                 if(i>1)
  1243   000A42  500B               	movf	(main@i+3)^0,w,c	;volatile
  1244   000A44  100A               	iorwf	(main@i+2)^0,w,c	;volatile
  1245   000A46  1009               	iorwf	(main@i+1)^0,w,c	;volatile
  1246   000A48  E109               	bnz	u350
  1247   000A4A  0E02               	movlw	2
  1248   000A4C  5C08               	subwf	main@i^0,w,c	;volatile
  1249   000A4E  A0D8               	btfss	status,0,c
  1250   000A50  EF2C  F005         	goto	u351
  1251   000A54  EF2E  F005         	goto	u350
  1252   000A58                     u351:
  1253   000A58  EF30  F005         	goto	l890
  1254   000A5C                     u350:
  1255   000A5C  EF01  F004         	goto	l828
  1256   000A60                     l890:
  1257   000A60  EF14  F003         	goto	l776
  1258   000A64  EFFE  F017         	goto	start
  1259   000A68                     __end_of_main:
  1260                           	callstack 0
  1261                           
  1262 ;; *************** function _read_dkp_edge *****************
  1263 ;; Defined at:
  1264 ;;		line 18 in file "newmain.c"
  1265 ;; Parameters:    Size  Location     Type
  1266 ;;		None
  1267 ;; Auto vars:     Size  Location     Type
  1268 ;;		None
  1269 ;; Return value:  Size  Location     Type
  1270 ;;                  1    wreg      unsigned char 
  1271 ;; Registers used:
  1272 ;;		wreg, status,2, status,0
  1273 ;; Tracked objects:
  1274 ;;		On entry : 0/0
  1275 ;;		On exit  : 0/0
  1276 ;;		Unchanged: 0/0
  1277 ;; Data sizes:     COMRAM   BANK0   BANK1   BANK2   BANK3   BANK4   BANK5
  1278 ;;      Params:         0       0       0       0       0       0       0
  1279 ;;      Locals:         0       0       0       0       0       0       0
  1280 ;;      Temps:          0       0       0       0       0       0       0
  1281 ;;      Totals:         0       0       0       0       0       0       0
  1282 ;;Total ram usage:        0 bytes
  1283 ;; Hardware stack levels used: 1
  1284 ;; This function calls:
  1285 ;;		Nothing
  1286 ;; This function is called by:
  1287 ;;		_main
  1288 ;; This function uses a non-reentrant model
  1289 ;;
  1290                           
  1291                           	psect	text1
  1292   000A68                     __ptext1:
  1293                           	callstack 0
  1294   000A68                     _read_dkp_edge:
  1295                           	callstack 30
  1296   000A68                     
  1297                           ;newmain.c: 20:     static unsigned char onces = 1 ;;newmain.c: 22:     if(((PORTC & 0X0
      +                          F)!=0X0F) && onces )
  1298   000A68  5082               	movf	130,w,c	;volatile
  1299   000A6A  0B0F               	andlw	15
  1300   000A6C  0A0F               	xorlw	15
  1301   000A6E  B4D8               	btfsc	status,2,c
  1302   000A70  EF3C  F005         	goto	u11
  1303   000A74  EF3E  F005         	goto	u10
  1304   000A78                     u11:
  1305   000A78  EF4B  F005         	goto	l758
  1306   000A7C                     u10:
  1307   000A7C  500C               	movf	read_dkp_edge@onces^0,w,c
  1308   000A7E  B4D8               	btfsc	status,2,c
  1309   000A80  EF44  F005         	goto	u21
  1310   000A84  EF46  F005         	goto	u20
  1311   000A88                     u21:
  1312   000A88  EF4B  F005         	goto	l758
  1313   000A8C                     u20:
  1314   000A8C                     
  1315                           ;newmain.c: 23:     {;newmain.c: 24:         onces = 0 ;
  1316   000A8C  6A0C               	clrf	read_dkp_edge@onces^0,c
  1317   000A8E                     
  1318                           ;newmain.c: 25:         return PORTC & 0X0F ;
  1319   000A8E  5082               	movf	130,w,c	;volatile
  1320   000A90  0B0F               	andlw	15
  1321   000A92  EF58  F005         	goto	l17
  1322   000A96                     l758:
  1323   000A96  5082               	movf	130,w,c	;volatile
  1324   000A98  0B0F               	andlw	15
  1325   000A9A  0A0F               	xorlw	15
  1326   000A9C  A4D8               	btfss	status,2,c
  1327   000A9E  EF53  F005         	goto	u31
  1328   000AA2  EF55  F005         	goto	u30
  1329   000AA6                     u31:
  1330   000AA6  EF57  F005         	goto	l762
  1331   000AAA                     u30:
  1332   000AAA                     
  1333                           ;newmain.c: 28:     {;newmain.c: 29:         onces = 1 ;
  1334   000AAA  0E01               	movlw	1
  1335   000AAC  6E0C               	movwf	read_dkp_edge@onces^0,c
  1336   000AAE                     l762:
  1337                           
  1338                           ;newmain.c: 31:     return 0X0F ;
  1339   000AAE  0E0F               	movlw	15
  1340   000AB0                     l17:
  1341   000AB0  0012               	return		;funcret
  1342   000AB2                     __end_of_read_dkp_edge:
  1343                           	callstack 0
  1344                           
  1345 ;; *************** function _init_config *****************
  1346 ;; Defined at:
  1347 ;;		line 11 in file "newmain.c"
  1348 ;; Parameters:    Size  Location     Type
  1349 ;;		None
  1350 ;; Auto vars:     Size  Location     Type
  1351 ;;		None
  1352 ;; Return value:  Size  Location     Type
  1353 ;;                  1    wreg      void 
  1354 ;; Registers used:
  1355 ;;		wreg, status,2, status,0
  1356 ;; Tracked objects:
  1357 ;;		On entry : 0/0
  1358 ;;		On exit  : 0/0
  1359 ;;		Unchanged: 0/0
  1360 ;; Data sizes:     COMRAM   BANK0   BANK1   BANK2   BANK3   BANK4   BANK5
  1361 ;;      Params:         0       0       0       0       0       0       0
  1362 ;;      Locals:         0       0       0       0       0       0       0
  1363 ;;      Temps:          0       0       0       0       0       0       0
  1364 ;;      Totals:         0       0       0       0       0       0       0
  1365 ;;Total ram usage:        0 bytes
  1366 ;; Hardware stack levels used: 1
  1367 ;; This function calls:
  1368 ;;		Nothing
  1369 ;; This function is called by:
  1370 ;;		_main
  1371 ;; This function uses a non-reentrant model
  1372 ;;
  1373                           
  1374                           	psect	text2
  1375   000ACA                     __ptext2:
  1376                           	callstack 0
  1377   000ACA                     _init_config:
  1378                           	callstack 30
  1379   000ACA                     
  1380                           ;newmain.c: 13:     TRISB = 0X00 ;
  1381   000ACA  6A93               	clrf	147,c	;volatile
  1382                           
  1383                           ;newmain.c: 14:     PORTB = 0X00 ;
  1384   000ACC  6A81               	clrf	129,c	;volatile
  1385   000ACE                     
  1386                           ;newmain.c: 15:     TRISC = TRISC | 0X0F ;
  1387   000ACE  5094               	movf	148,w,c	;volatile
  1388   000AD0  090F               	iorlw	15
  1389   000AD2  6E94               	movwf	148,c	;volatile
  1390   000AD4  0012               	return		;funcret
  1391   000AD6                     __end_of_init_config:
  1392                           	callstack 0
  1393                           
  1394                           	psect	smallconst
  1395   000600                     __psmallconst:
  1396                           	callstack 0
  1397   000600  00                 	db	0
  1398   000601  00                 	db	0	; dummy byte at the end
  1399   000600                     __smallconst    set	__psmallconst
  1400   000600                     __mediumconst   set	__psmallconst
  1401   000000                     __activetblptr  equ	0
  1402                           
  1403                           	psect	rparam
  1404   000001                     ___rparam_used  equ	1
  1405   000000                     ___param_bank   equ	0
  1406   000000                     __Lparam        equ	__Lrparam
  1407   000000                     __Hparam        equ	__Hrparam
  1408                           
  1409                           	psect	idloc
  1410                           
  1411                           ;Config register IDLOC0 @ 0x200000
  1412                           ;	unspecified, using default values
  1413   200000                     	org	2097152
  1414   200000  FF                 	db	255
  1415                           
  1416                           ;Config register IDLOC1 @ 0x200001
  1417                           ;	unspecified, using default values
  1418   200001                     	org	2097153
  1419   200001  FF                 	db	255
  1420                           
  1421                           ;Config register IDLOC2 @ 0x200002
  1422                           ;	unspecified, using default values
  1423   200002                     	org	2097154
  1424   200002  FF                 	db	255
  1425                           
  1426                           ;Config register IDLOC3 @ 0x200003
  1427                           ;	unspecified, using default values
  1428   200003                     	org	2097155
  1429   200003  FF                 	db	255
  1430                           
  1431                           ;Config register IDLOC4 @ 0x200004
  1432                           ;	unspecified, using default values
  1433   200004                     	org	2097156
  1434   200004  FF                 	db	255
  1435                           
  1436                           ;Config register IDLOC5 @ 0x200005
  1437                           ;	unspecified, using default values
  1438   200005                     	org	2097157
  1439   200005  FF                 	db	255
  1440                           
  1441                           ;Config register IDLOC6 @ 0x200006
  1442                           ;	unspecified, using default values
  1443   200006                     	org	2097158
  1444   200006  FF                 	db	255
  1445                           
  1446                           ;Config register IDLOC7 @ 0x200007
  1447                           ;	unspecified, using default values
  1448   200007                     	org	2097159
  1449   200007  FF                 	db	255
  1450                           
  1451                           	psect	config
  1452                           
  1453                           ; Padding undefined space
  1454   300000                     	org	3145728
  1455   300000  FF                 	db	255
  1456                           
  1457                           ;Config register CONFIG1H @ 0x300001
  1458                           ;	unspecified, using default values
  1459                           ;	Oscillator Selection bits
  1460                           ;	OSC = 0x7, unprogrammed default
  1461                           ;	Fail-Safe Clock Monitor Enable bit
  1462                           ;	FCMEN = 0x0, unprogrammed default
  1463                           ;	Internal/External Oscillator Switchover bit
  1464                           ;	IESO = 0x0, unprogrammed default
  1465   300001                     	org	3145729
  1466   300001  07                 	db	7
  1467                           
  1468                           ;Config register CONFIG2L @ 0x300002
  1469                           ;	unspecified, using default values
  1470                           ;	Power-up Timer Enable bit
  1471                           ;	PWRT = 0x1, unprogrammed default
  1472                           ;	Brown-out Reset Enable bits
  1473                           ;	BOREN = 0x3, unprogrammed default
  1474                           ;	Brown-out Reset Voltage bits
  1475                           ;	BORV = 0x3, unprogrammed default
  1476   300002                     	org	3145730
  1477   300002  1F                 	db	31
  1478                           
  1479                           ;Config register CONFIG2H @ 0x300003
  1480                           ;	unspecified, using default values
  1481                           ;	Watchdog Timer Enable bit
  1482                           ;	WDT = 0x1, unprogrammed default
  1483                           ;	Watchdog Timer Postscale Select bits
  1484                           ;	WDTPS = 0xF, unprogrammed default
  1485   300003                     	org	3145731
  1486   300003  1F                 	db	31
  1487                           
  1488                           ; Padding undefined space
  1489   300004                     	org	3145732
  1490   300004  FF                 	db	255
  1491                           
  1492                           ;Config register CONFIG3H @ 0x300005
  1493                           ;	unspecified, using default values
  1494                           ;	PORTB A/D Enable bit
  1495                           ;	PBADEN = 0x1, unprogrammed default
  1496                           ;	Low-Power Timer 1 Oscillator Enable bit
  1497                           ;	LPT1OSC = 0x0, unprogrammed default
  1498                           ;	MCLR Pin Enable bit
  1499                           ;	MCLRE = 0x1, unprogrammed default
  1500   300005                     	org	3145733
  1501   300005  82                 	db	130
  1502                           
  1503                           ;Config register CONFIG4L @ 0x300006
  1504                           ;	unspecified, using default values
  1505                           ;	Stack Full/Underflow Reset Enable bit
  1506                           ;	STVREN = 0x1, unprogrammed default
  1507                           ;	Single-Supply ICSP Enable bit
  1508                           ;	LVP = 0x1, unprogrammed default
  1509                           ;	Boot Block Size Select bit
  1510                           ;	BBSIZ = 0x0, unprogrammed default
  1511                           ;	Extended Instruction Set Enable bit
  1512                           ;	XINST = 0x0, unprogrammed default
  1513                           ;	Background Debugger Enable bit
  1514                           ;	DEBUG = 0x1, unprogrammed default
  1515   300006                     	org	3145734
  1516   300006  85                 	db	133
  1517                           
  1518                           ; Padding undefined space
  1519   300007                     	org	3145735
  1520   300007  FF                 	db	255
  1521                           
  1522                           ;Config register CONFIG5L @ 0x300008
  1523                           ;	unspecified, using default values
  1524                           ;	Code Protection bit
  1525                           ;	CP0 = 0x1, unprogrammed default
  1526                           ;	Code Protection bit
  1527                           ;	CP1 = 0x1, unprogrammed default
  1528                           ;	Code Protection bit
  1529                           ;	CP2 = 0x1, unprogrammed default
  1530                           ;	Code Protection bit
  1531                           ;	CP3 = 0x1, unprogrammed default
  1532   300008                     	org	3145736
  1533   300008  0F                 	db	15
  1534                           
  1535                           ;Config register CONFIG5H @ 0x300009
  1536                           ;	unspecified, using default values
  1537                           ;	Boot Block Code Protection bit
  1538                           ;	CPB = 0x1, unprogrammed default
  1539                           ;	Data EEPROM Code Protection bit
  1540                           ;	CPD = 0x1, unprogrammed default
  1541   300009                     	org	3145737
  1542   300009  C0                 	db	192
  1543                           
  1544                           ;Config register CONFIG6L @ 0x30000A
  1545                           ;	unspecified, using default values
  1546                           ;	Write Protection bit
  1547                           ;	WRT0 = 0x1, unprogrammed default
  1548                           ;	Write Protection bit
  1549                           ;	WRT1 = 0x1, unprogrammed default
  1550                           ;	Write Protection bit
  1551                           ;	WRT2 = 0x1, unprogrammed default
  1552                           ;	Write Protection bit
  1553                           ;	WRT3 = 0x1, unprogrammed default
  1554   30000A                     	org	3145738
  1555   30000A  0F                 	db	15
  1556                           
  1557                           ;Config register CONFIG6H @ 0x30000B
  1558                           ;	unspecified, using default values
  1559                           ;	Configuration Register Write Protection bit
  1560                           ;	WRTC = 0x1, unprogrammed default
  1561                           ;	Boot Block Write Protection bit
  1562                           ;	WRTB = 0x1, unprogrammed default
  1563                           ;	Data EEPROM Write Protection bit
  1564                           ;	WRTD = 0x1, unprogrammed default
  1565   30000B                     	org	3145739
  1566   30000B  E0                 	db	224
  1567                           
  1568                           ;Config register CONFIG7L @ 0x30000C
  1569                           ;	unspecified, using default values
  1570                           ;	Table Read Protection bit
  1571                           ;	EBTR0 = 0x1, unprogrammed default
  1572                           ;	Table Read Protection bit
  1573                           ;	EBTR1 = 0x1, unprogrammed default
  1574                           ;	Table Read Protection bit
  1575                           ;	EBTR2 = 0x1, unprogrammed default
  1576                           ;	Table Read Protection bit
  1577                           ;	EBTR3 = 0x1, unprogrammed default
  1578   30000C                     	org	3145740
  1579   30000C  0F                 	db	15
  1580                           
  1581                           ;Config register CONFIG7H @ 0x30000D
  1582                           ;	unspecified, using default values
  1583                           ;	Boot Block Table Read Protection bit
  1584                           ;	EBTRB = 0x1, unprogrammed default
  1585   30000D                     	org	3145741
  1586   30000D  40                 	db	64
  1587                           tosu	equ	0xFFF
  1588                           tosh	equ	0xFFE
  1589                           tosl	equ	0xFFD
  1590                           stkptr	equ	0xFFC
  1591                           pclatu	equ	0xFFB
  1592                           pclath	equ	0xFFA
  1593                           pcl	equ	0xFF9
  1594                           tblptru	equ	0xFF8
  1595                           tblptrh	equ	0xFF7
  1596                           tblptrl	equ	0xFF6
  1597                           tablat	equ	0xFF5
  1598                           prodh	equ	0xFF4
  1599                           prodl	equ	0xFF3
  1600                           indf0	equ	0xFEF
  1601                           postinc0	equ	0xFEE
  1602                           postdec0	equ	0xFED
  1603                           preinc0	equ	0xFEC
  1604                           plusw0	equ	0xFEB
  1605                           fsr0h	equ	0xFEA
  1606                           fsr0l	equ	0xFE9
  1607                           wreg	equ	0xFE8
  1608                           indf1	equ	0xFE7
  1609                           postinc1	equ	0xFE6
  1610                           postdec1	equ	0xFE5
  1611                           preinc1	equ	0xFE4
  1612                           plusw1	equ	0xFE3
  1613                           fsr1h	equ	0xFE2
  1614                           fsr1l	equ	0xFE1
  1615                           bsr	equ	0xFE0
  1616                           indf2	equ	0xFDF
  1617                           postinc2	equ	0xFDE
  1618                           postdec2	equ	0xFDD
  1619                           preinc2	equ	0xFDC
  1620                           plusw2	equ	0xFDB
  1621                           fsr2h	equ	0xFDA
  1622                           fsr2l	equ	0xFD9
  1623                           status	equ	0xFD8

Data Sizes:
    Strings     0
    Constant    0
    Data        1
    BSS         0
    Persistent  0
    Stack       0

Auto Spaces:
    Space          Size  Autos    Used
    COMRAM           95     11      12
    BANK0           160      0       0
    BANK1           256      0       0
    BANK2           256      0       0
    BANK3           256      0       0
    BANK4           256      0       0
    BANK5           256      0       0

Pointer List with Targets:

    None.

Critical Paths under _main in COMRAM

    None.

Critical Paths under _main in BANK0

    None.

Critical Paths under _main in BANK1

    None.

Critical Paths under _main in BANK2

    None.

Critical Paths under _main in BANK3

    None.

Critical Paths under _main in BANK4

    None.

Critical Paths under _main in BANK5

    None.

Call Graph Tables:

 ---------------------------------------------------------------------------------
 (Depth) Function   	        Calls       Base Space   Used Autos Params    Refs
 ---------------------------------------------------------------------------------
 (0) _main                                                11    11      0     525
                                              0 COMRAM    11    11      0
                        _init_config
                      _read_dkp_edge
 ---------------------------------------------------------------------------------
 (1) _read_dkp_edge                                        0     0      0       0
 ---------------------------------------------------------------------------------
 (1) _init_config                                          0     0      0       0
 ---------------------------------------------------------------------------------
 Estimated maximum stack depth 1
 ---------------------------------------------------------------------------------

 Call Graph Graphs:

 _main (ROOT)
   _init_config
   _read_dkp_edge

Address spaces:
Name               Size   Autos  Total    Usage
BIGRAM            1535      0       0      0.0%
BITBIGSFRl         641      0       0      0.0%
BITBANK5           256      0       0      0.0%
BANK5              256      0       0      0.0%
BITBANK4           256      0       0      0.0%
BANK4              256      0       0      0.0%
BITBANK3           256      0       0      0.0%
BANK3              256      0       0      0.0%
BITBANK2           256      0       0      0.0%
BANK2              256      0       0      0.0%
BITBANK1           256      0       0      0.0%
BANK1              256      0       0      0.0%
BITBANK0           160      0       0      0.0%
BANK0              160      0       0      0.0%
BITBIGSFRh         126      0       0      0.0%
BITCOMRAM           95      0       0      0.0%
COMRAM              95     11      12     12.6%
STACK                0      0       0      0.0%
DATA                 0      0      12      0.0%


Microchip Technology PIC18 Macro Assembler V3.00 build 20241204225717 
Symbol Table                                                                                   Fri Apr 18 10:47:20 2025

                     l11 0AD4                       l17 0AB0                       l36 07DC  
                     l28 069A                       l47 08BC                       u10 0A7C  
                     u11 0A78                       u20 0A8C                       u21 0A88  
                     u30 0AAA                       u31 0AA6                       u40 0644  
                     u41 0640                       u50 065E                       u51 065A  
                     u60 0678                       u61 0674                       u70 0692  
                     u71 068E                       u80 06AC                       u81 06A8  
                     u90 06CE                       u91 06CA                      l800 06BE  
                    l810 0728                      l802 06CE                      l820 079A  
                    l812 0742                      l804 06F6                      l742 0ACA  
                    l750 0A8C                      l822 07A2                      l814 075C  
                    l806 0706                      l830 0816                      l744 0ACE  
                    l760 0AAA                      l752 0A8E                      l840 0882  
                    l832 0828                      l824 07BC                      l816 0766  
                    l808 0720                      l762 0AAE                      l746 0A68  
                    l850 08F8                      l842 089C                      l834 0850  
                    l826 07D6                      l818 0780                      l770 0616  
                    l748 0A7C                      l860 096C                      l852 0920  
                    l844 08B6                      l836 0860                      l828 0802  
                    l780 0644                      l772 0626                      l758 0A96  
                    l862 0986                      l854 0930                      l870 09B4  
                    l838 087A                      l790 0680                      l782 064C  
                    l774 0628                      l766 0602                      l880 0A1C  
                    l872 09C6                      l864 098A                      l856 094A  
                    l848 08E6                      l792 0692                      l784 065E  
                    l776 0628                      l768 0606                      l882 0A32  
                    l874 09EE                      l866 0996                      l858 0952  
                    l890 0A60                      l786 0666                      l794 069A  
                    l778 0632                      l884 0A36                      l876 09FE  
                    l796 06AC                      l788 0678                      l886 0A42  
                    l878 0A14                      l798 06BC                      u100 06F6  
                    u101 06F2                      u110 0720                      u111 071C  
                    u200 0850                      u120 0742                      u201 084C  
                    u121 073E                      u210 087A                      u130 075C  
                    u211 0876                      u131 0758                      u300 09B0  
                    u220 089C                      u140 0780                      u301 09AC  
                    u221 0898                      u141 077C                      u310 09C6  
                    u230 08B6                      u150 079A                      u311 09C2  
                    u231 08B2                      u151 0796                      u320 09EE  
                    u240 08E2                      u160 07BC                      u321 09EA  
                    u241 08DE                      u161 07B8                      u330 0A14  
                    u250 08F8                      u170 07D6                      u331 0A10  
                    u251 08F4                      u171 07D2                      u340 0A32  
                    u260 0920                      u180 0802                      u341 0A2E  
                    u261 091C                      u181 07FE                      u350 0A5C  
                    u270 094A                      u190 0828                      u351 0A58  
                    u271 0946                      u191 0824                      u280 096C  
                    u281 0968                      u290 0986                      u291 0982  
                   _main 0602                     start 2FFC             ___param_bank 0000  
                  ?_main 0001             ?_init_config 0001                    _PORTB 0F81  
                  _PORTC 0F82                    _TRISB 0F93                    _TRISC 0F94  
                  main@i 0008                    tablat 0FF5                    status 0FD8  
        __initialization 0AB2             __end_of_main 0A68                   ??_main 0001  
          __activetblptr 0000                   isa$std 0001             __pdataCOMRAM 000C  
           __mediumconst 0600                   tblptrh 0FF7                   tblptrl 0FF6  
                 tblptru 0FF8               __accesstop 0060  __end_of__initialization 0AC4  
          ___rparam_used 0001           __pcstackCOMRAM 0001            _read_dkp_edge 0A68  
         ?_read_dkp_edge 0001                  __Hparam 0000                  __Lparam 0000  
           __psmallconst 0600                  __pcinit 0AB2                  __ramtop 0600  
                __ptext0 0602                  __ptext1 0A68                  __ptext2 0ACA  
                main@key 0002     end_of_initialization 0AC4          ??_read_dkp_edge 0001  
          __pidataCOMRAM 3000      start_initialization 0AB2            ??_init_config 0001  
            __smallconst 0600      __end_of_init_config 0AD6       read_dkp_edge@onces 000C  
              main@delay 0004                 __Hrparam 0000                 __Lrparam 0000  
            _init_config 0ACA    __end_of_read_dkp_edge 0AB2                 isa$xinst 0000  
               main@flag 0003                 main@mark 0001  
